topic_id,topic_name,topic_full_name,law_family,compliance_area,key_subtopics
TOP-001,RESPA,Real Estate Settlement Procedures,RESPA,Mortgage Settlement,"Kickbacks, AfBAs, GFE, HUD-1, escrow"
TOP-002,TILA,Truth in Lending,TILA,Disclosure,"APR, finance charges, right of rescission, ARM disclosures"
TOP-003,QM/ATR,Qualified Mortgage & Ability-to-Repay,QM,Underwriting,"DTI limits, points & fees, safe harbor, rebuttable presumption"
TOP-004,HMDA,Home Mortgage Disclosure Act,HMDA,Reporting,"LAR reporting, data fields, exemption thresholds, FFIEC"
TOP-005,ECOA,Equal Credit Opportunity Act,ECOA,Fair Lending,"Adverse action notices, prohibited bases, appraisal delivery"
TOP-006,FHA Lending,FHA Mortgage Programs,FHA,Government Lending,"MIP, 203(k), streamline refi, condo approval, UFMIP"
TOP-007,VA Lending,VA Home Loan Guaranty,VA,Government Lending,"COE, funding fee, IRRRL, occupancy, entitlement"
TOP-008,State Licensing,Mortgage Licensing & NMLS,SAFE,Licensing,"MLO licensing, company licenses, renewal, continuing education"
TOP-009,Foreclosure Prevention,Loss Mitigation & Foreclosure,Servicing,Servicing,"HAMP, forbearance, loan modification, dual tracking"
TOP-010,Predatory Lending,High-Cost & Predatory Loans,HOEPA,Consumer Protection,"HOEPA thresholds, prepayment penalties, balloon payments"
TOP-011,Flood Insurance,National Flood Insurance Program,NFIP,Insurance,"SFHA determination, NFIP policy, force-placed flood insurance"
TOP-012,Appraisal,Appraisal Independence & Standards,FIRREA,Valuation,"AIR, USPAP, AMC rules, reconsideration of value"
TOP-013,Servicing,Mortgage Servicing Rules,Servicing,Servicing,"Error resolution, force-placed insurance, periodic statements"
TOP-014,GSE Underwriting,Fannie Mae & Freddie Mac Guidelines,GSE,Underwriting,"LTV, DTI, credit score, appraisal waivers, condo guidelines"
TOP-015,CRA,Community Reinvestment Act,CRA,Fair Lending,"Assessment areas, exam ratings, lending test, investment test"
TOP-016,UDAP/UDAAP,"Unfair, Deceptive, Abusive Acts",UDAAP,Consumer Protection,"Deceptive advertising, abusive practices, CFPB enforcement"
TOP-017,Privacy,Gramm-Leach-Bliley Privacy,GLB,Privacy,"Privacy notices, opt-out rights, safeguards rule"
TOP-018,AML/BSA,Anti-Money Laundering & BSA,BSA,Financial Crime,"SAR filing, CTR requirements, CIP, beneficial ownership"
TOP-019,TRID,TILA-RESPA Integrated Disclosure,TRID,Disclosure,"Loan Estimate, Closing Disclosure, 3-day rule, tolerances"
TOP-020,Escrow,Escrow Account Administration,RESPA,Servicing,"Escrow analysis, shortage/surplus, aggregate adjustment"
