jurisdiction_id,jurisdiction_name,state_code,jurisdiction_type,region,capital_city,primary_regulatory_agency
JUR-001,Alabama,AL,State,Southeast,Montgomery,Alabama Banking Department
JUR-002,Alaska,AK,State,West,Juneau,Alaska Division of Banking & Securities
JUR-003,Arizona,AZ,State,Southwest,Phoenix,Arizona Department of Financial Institutions
JUR-004,Arkansas,AR,State,South,Little Rock,Arkansas Securities Department
JUR-005,California,CA,State,West,Sacramento,California Department of Financial Protection & Innovation (DFPI)
JUR-006,Colorado,CO,State,Mountain,Denver,Colorado Division of Banking
JUR-007,Connecticut,CT,State,Northeast,Hartford,Connecticut Department of Banking
JUR-008,Delaware,DE,State,Northeast,Dover,Delaware Office of the State Bank Commissioner
JUR-009,Florida,FL,State,Southeast,Tallahassee,Florida Office of Financial Regulation (OFR)
JUR-010,Georgia,GA,State,Southeast,Atlanta,Georgia Department of Banking & Finance
JUR-011,Hawaii,HI,State,Pacific,Honolulu,Hawaii Division of Financial Institutions
JUR-012,Idaho,ID,State,Mountain,Boise,Idaho Department of Finance
JUR-013,Illinois,IL,State,Midwest,Springfield,Illinois Department of Financial & Professional Regulation
JUR-014,Indiana,IN,State,Midwest,Indianapolis,Indiana Department of Financial Institutions
JUR-015,Iowa,IA,State,Midwest,Des Moines,Iowa Division of Banking
JUR-016,Kansas,KS,State,Midwest,Topeka,Kansas Office of the State Bank Commissioner
JUR-017,Kentucky,KY,State,South,Frankfort,Kentucky Department of Financial Institutions
JUR-018,Louisiana,LA,State,South,Baton Rouge,Louisiana Office of Financial Institutions
JUR-019,Maine,ME,State,Northeast,Augusta,Maine Bureau of Financial Institutions
JUR-020,Maryland,MD,State,Mid-Atlantic,Annapolis,Maryland Office of Financial Regulation
JUR-021,Massachusetts,MA,State,Northeast,Boston,Massachusetts Division of Banks
JUR-022,Michigan,MI,State,Midwest,Lansing,Michigan Department of Insurance & Financial Services
JUR-023,Minnesota,MN,State,Midwest,Saint Paul,Minnesota Department of Commerce
JUR-024,Mississippi,MS,State,South,Jackson,Mississippi Department of Banking & Consumer Finance
JUR-025,Missouri,MO,State,Midwest,Jefferson City,Missouri Division of Finance
JUR-026,Montana,MT,State,Mountain,Helena,Montana Division of Banking & Financial Institutions
JUR-027,Nebraska,NE,State,Midwest,Lincoln,Nebraska Department of Banking & Finance
JUR-028,Nevada,NV,State,West,Carson City,Nevada Division of Mortgage Lending
JUR-029,New Hampshire,NH,State,Northeast,Concord,New Hampshire Banking Department
JUR-030,New Jersey,NJ,State,Northeast,Trenton,New Jersey Department of Banking & Insurance
JUR-031,New Mexico,NM,State,Southwest,Santa Fe,New Mexico Financial Institutions Division
JUR-032,New York,NY,State,Northeast,Albany,New York Department of Financial Services (DFS)
JUR-033,North Carolina,NC,State,Southeast,Raleigh,North Carolina Office of the Commissioner of Banks
JUR-034,North Dakota,ND,State,Midwest,Bismarck,North Dakota Department of Financial Institutions
JUR-035,Ohio,OH,State,Midwest,Columbus,Ohio Division of Financial Institutions
JUR-036,Oklahoma,OK,State,South,Oklahoma City,Oklahoma Banking Department
JUR-037,Oregon,OR,State,West,Salem,Oregon Division of Financial Regulation
JUR-038,Pennsylvania,PA,State,Mid-Atlantic,Harrisburg,Pennsylvania Department of Banking & Securities
JUR-039,Rhode Island,RI,State,Northeast,Providence,Rhode Island Department of Business Regulation
JUR-040,South Carolina,SC,State,Southeast,Columbia,South Carolina Board of Financial Institutions
JUR-041,South Dakota,SD,State,Midwest,Pierre,South Dakota Division of Banking
JUR-042,Tennessee,TN,State,South,Nashville,Tennessee Department of Financial Institutions
JUR-043,Texas,TX,State,South,Austin,Texas Department of Savings & Mortgage Lending
JUR-044,Utah,UT,State,Mountain,Salt Lake City,Utah Division of Real Estate
JUR-045,Vermont,VT,State,Northeast,Montpelier,Vermont Department of Financial Regulation
JUR-046,Virginia,VA,State,Mid-Atlantic,Richmond,Virginia Bureau of Financial Institutions
JUR-047,Washington,WA,State,West,Olympia,Washington Department of Financial Institutions
JUR-048,West Virginia,WV,State,South,Charleston,West Virginia Division of Banking
JUR-049,Wisconsin,WI,State,Midwest,Madison,Wisconsin Department of Financial Institutions
JUR-050,Wyoming,WY,State,Mountain,Cheyenne,Wyoming Division of Banking
JUR-051,District of Columbia,DC,Federal District,Mid-Atlantic,Washington,"DC Department of Insurance, Securities & Banking"
JUR-052,Federal - CFPB,FED,Federal,National,Washington DC,Consumer Financial Protection Bureau
JUR-053,Federal - OCC,FED,Federal,National,Washington DC,Office of the Comptroller of the Currency
JUR-054,Federal - HUD,FED,Federal,National,Washington DC,Department of Housing & Urban Development
JUR-055,Federal - FDIC,FED,Federal,National,Washington DC,Federal Deposit Insurance Corporation
JUR-056,Federal - FRB,FED,Federal,National,Washington DC,Federal Reserve Board
JUR-057,Federal - FHFA,FED,Federal,National,Washington DC,Federal Housing Finance Agency
JUR-058,Federal - VA,FED,Federal,National,Washington DC,Department of Veterans Affairs
JUR-059,Federal - USDA,FED,Federal,National,Washington DC,USDA Rural Development
