arr_record_id,institution_id,institution_name,institution_type,subscription_tier,hq_state,fiscal_year,period_label,period_type,period_start_date,period_end_date,period_months,acv_usd,acv_annualised_usd,mrr_usd,yoy_growth_pct,yoy_delta_usd,arr_status
ARR-00001,INST-001,"Wells Fargo Bank, N.A.",Commercial Bank,Enterprise,CA,2023,FY 2023,Full Year,2023-01-01,2023-12-31,12,2255370,2255370,187947.5,,,High Growth
ARR-00002,INST-001,"Wells Fargo Bank, N.A.",Commercial Bank,Enterprise,CA,2024,FY 2024,Full Year,2024-01-01,2024-12-31,12,2796659,2796659,233054.92,24.0,541289.0,High Growth
ARR-00003,INST-001,"Wells Fargo Bank, N.A.",Commercial Bank,Enterprise,CA,2025,FY 2025,Full Year,2025-01-01,2025-12-31,12,3328024,3328024,277335.33,19.0,531365.0,High Growth
ARR-00004,INST-001,"Wells Fargo Bank, N.A.",Commercial Bank,Enterprise,CA,2026,FY 2026 YTD,YTD,2026-01-01,2026-06-23,6,2013454,4026908,335575.67,21.0,349442.0,High Growth
ARR-00005,INST-002,"Rocket Mortgage, LLC",Non-bank Lender,Enterprise,MI,2023,FY 2023,Full Year,2023-01-01,2023-12-31,12,1716992,1716992,143082.67,,,High Growth
ARR-00006,INST-002,"Rocket Mortgage, LLC",Non-bank Lender,Enterprise,MI,2024,FY 2024,Full Year,2024-01-01,2024-12-31,12,2249260,2249260,187438.33,31.0,532268.0,High Growth
ARR-00007,INST-002,"Rocket Mortgage, LLC",Non-bank Lender,Enterprise,MI,2025,FY 2025,Full Year,2025-01-01,2025-12-31,12,2879053,2879053,239921.08,28.0,629793.0,High Growth
ARR-00008,INST-002,"Rocket Mortgage, LLC",Non-bank Lender,Enterprise,MI,2026,FY 2026 YTD,YTD,2026-01-01,2026-06-23,6,1756222,3512444,292703.67,22.0,316696.0,High Growth
ARR-00009,INST-003,"JPMorgan Chase Bank, N.A.",Commercial Bank,Enterprise,NY,2023,FY 2023,Full Year,2023-01-01,2023-12-31,12,2502734,2502734,208561.17,,,High Growth
ARR-00010,INST-003,"JPMorgan Chase Bank, N.A.",Commercial Bank,Enterprise,NY,2024,FY 2024,Full Year,2024-01-01,2024-12-31,12,3053335,3053335,254444.58,22.0,550601.0,High Growth
ARR-00011,INST-003,"JPMorgan Chase Bank, N.A.",Commercial Bank,Enterprise,NY,2025,FY 2025,Full Year,2025-01-01,2025-12-31,12,3572402,3572402,297700.17,17.0,519067.0,High Growth
ARR-00012,INST-003,"JPMorgan Chase Bank, N.A.",Commercial Bank,Enterprise,NY,2026,FY 2026 YTD,YTD,2026-01-01,2026-06-23,6,2143441,4286882,357240.17,20.0,357240.0,High Growth
ARR-00013,INST-004,"loanDepot, LLC",Non-bank Lender,Professional,CA,2023,FY 2023,Full Year,2023-01-01,2023-12-31,12,666295,666295,55524.58,,,Steady Growth
ARR-00014,INST-004,"loanDepot, LLC",Non-bank Lender,Professional,CA,2024,FY 2024,Full Year,2024-01-01,2024-12-31,12,786228,786228,65519.0,18.0,119933.0,Steady Growth
ARR-00015,INST-004,"loanDepot, LLC",Non-bank Lender,Professional,CA,2025,FY 2025,Full Year,2025-01-01,2025-12-31,12,951336,951336,79278.0,21.0,165108.0,Steady Growth
ARR-00016,INST-004,"loanDepot, LLC",Non-bank Lender,Professional,CA,2026,FY 2026 YTD,YTD,2026-01-01,2026-06-23,6,551775,1103550,91962.5,16.0,76107.0,Steady Growth
ARR-00017,INST-005,"Pennymac Loan Services, LLC",Non-bank Lender,Professional,CA,2023,FY 2023,Full Year,2023-01-01,2023-12-31,12,553364,553364,46113.67,,,Steady Growth
ARR-00018,INST-005,"Pennymac Loan Services, LLC",Non-bank Lender,Professional,CA,2024,FY 2024,Full Year,2024-01-01,2024-12-31,12,636369,636369,53030.75,15.0,83005.0,Steady Growth
ARR-00019,INST-005,"Pennymac Loan Services, LLC",Non-bank Lender,Professional,CA,2025,FY 2025,Full Year,2025-01-01,2025-12-31,12,757279,757279,63106.58,19.0,120910.0,Steady Growth
ARR-00020,INST-005,"Pennymac Loan Services, LLC",Non-bank Lender,Professional,CA,2026,FY 2026 YTD,YTD,2026-01-01,2026-06-23,6,431649,863298,71941.5,14.0,53010.0,Steady Growth
ARR-00021,INST-006,"Bank of America, N.A.",Commercial Bank,Enterprise,NC,2023,FY 2023,Full Year,2023-01-01,2023-12-31,12,2153515,2153515,179459.58,,,High Growth
ARR-00022,INST-006,"Bank of America, N.A.",Commercial Bank,Enterprise,NC,2024,FY 2024,Full Year,2024-01-01,2024-12-31,12,2584218,2584218,215351.5,20.0,430703.0,High Growth
ARR-00023,INST-006,"Bank of America, N.A.",Commercial Bank,Enterprise,NC,2025,FY 2025,Full Year,2025-01-01,2025-12-31,12,3049377,3049377,254114.75,18.0,465159.0,High Growth
ARR-00024,INST-006,"Bank of America, N.A.",Commercial Bank,Enterprise,NC,2026,FY 2026 YTD,YTD,2026-01-01,2026-06-23,6,1875367,3750734,312561.17,23.0,350678.0,High Growth
ARR-00025,INST-007,U.S. Bank Home Mortgage,Commercial Bank,Professional,MN,2023,FY 2023,Full Year,2023-01-01,2023-12-31,12,463019,463019,38584.92,,,Steady Growth
ARR-00026,INST-007,U.S. Bank Home Mortgage,Commercial Bank,Professional,MN,2024,FY 2024,Full Year,2024-01-01,2024-12-31,12,537102,537102,44758.5,16.0,74083.0,Steady Growth
ARR-00027,INST-007,U.S. Bank Home Mortgage,Commercial Bank,Professional,MN,2025,FY 2025,Full Year,2025-01-01,2025-12-31,12,612296,612296,51024.67,14.0,75194.0,Steady Growth
ARR-00028,INST-007,U.S. Bank Home Mortgage,Commercial Bank,Professional,MN,2026,FY 2026 YTD,YTD,2026-01-01,2026-06-23,6,358193,716386,59698.83,17.0,52045.0,Steady Growth
ARR-00029,INST-008,"Caliber Home Loans, Inc.",Non-bank Lender,Starter,TX,2023,FY 2023,Full Year,2023-01-01,2023-12-31,12,255399,255399,21283.25,,,Moderate Growth
ARR-00030,INST-008,"Caliber Home Loans, Inc.",Non-bank Lender,Starter,TX,2024,FY 2024,Full Year,2024-01-01,2024-12-31,12,286047,286047,23837.25,12.0,30648.0,Moderate Growth
ARR-00031,INST-008,"Caliber Home Loans, Inc.",Non-bank Lender,Starter,TX,2025,FY 2025,Full Year,2025-01-01,2025-12-31,12,314652,314652,26221.0,10.0,28605.0,Moderate Growth
ARR-00032,INST-008,"Caliber Home Loans, Inc.",Non-bank Lender,Starter,TX,2026,FY 2026 YTD,YTD,2026-01-01,2026-06-23,6,171486,342972,28581.0,9.0,14160.0,Moderate Growth
ARR-00033,INST-009,Guild Mortgage Company,Non-bank Lender,Professional,CA,2023,FY 2023,Full Year,2023-01-01,2023-12-31,12,513838,513838,42819.83,,,Steady Growth
ARR-00034,INST-009,Guild Mortgage Company,Non-bank Lender,Professional,CA,2024,FY 2024,Full Year,2024-01-01,2024-12-31,12,601190,601190,50099.17,17.0,87352.0,Steady Growth
ARR-00035,INST-009,Guild Mortgage Company,Non-bank Lender,Professional,CA,2025,FY 2025,Full Year,2025-01-01,2025-12-31,12,721428,721428,60119.0,20.0,120238.0,Steady Growth
ARR-00036,INST-009,Guild Mortgage Company,Non-bank Lender,Professional,CA,2026,FY 2026 YTD,YTD,2026-01-01,2026-06-23,6,414821,829642,69136.83,15.0,54107.0,Steady Growth
ARR-00037,INST-010,First Horizon Bank,Commercial Bank,Professional,TN,2023,FY 2023,Full Year,2023-01-01,2023-12-31,12,417846,417846,34820.5,,,Moderate Growth
ARR-00038,INST-010,First Horizon Bank,Commercial Bank,Professional,TN,2024,FY 2024,Full Year,2024-01-01,2024-12-31,12,476344,476344,39695.33,14.0,58498.0,Moderate Growth
ARR-00039,INST-010,First Horizon Bank,Commercial Bank,Professional,TN,2025,FY 2025,Full Year,2025-01-01,2025-12-31,12,552559,552559,46046.58,16.0,76215.0,Moderate Growth
ARR-00040,INST-010,First Horizon Bank,Commercial Bank,Professional,TN,2026,FY 2026 YTD,YTD,2026-01-01,2026-06-23,6,312196,624392,52032.67,13.0,35916.0,Moderate Growth
ARR-00041,INST-011,"Flagstar Bank, F.S.B.",Commercial Bank,Enterprise,NY,2023,FY 2023,Full Year,2023-01-01,2023-12-31,12,1178613,1178613,98217.75,,,High Growth
ARR-00042,INST-011,"Flagstar Bank, F.S.B.",Commercial Bank,Enterprise,NY,2024,FY 2024,Full Year,2024-01-01,2024-12-31,12,1473266,1473266,122772.17,25.0,294653.0,High Growth
ARR-00043,INST-011,"Flagstar Bank, F.S.B.",Commercial Bank,Enterprise,NY,2025,FY 2025,Full Year,2025-01-01,2025-12-31,12,1797385,1797385,149782.08,22.0,324119.0,High Growth
ARR-00044,INST-011,"Flagstar Bank, F.S.B.",Commercial Bank,Enterprise,NY,2026,FY 2026 YTD,YTD,2026-01-01,2026-06-23,6,1132352,2264704,188725.33,26.0,233660.0,High Growth
ARR-00045,INST-012,"CrossCountry Mortgage, LLC",Non-bank Lender,Professional,OH,2023,FY 2023,Full Year,2023-01-01,2023-12-31,12,474312,474312,39526.0,,,Steady Growth
ARR-00046,INST-012,"CrossCountry Mortgage, LLC",Non-bank Lender,Professional,OH,2024,FY 2024,Full Year,2024-01-01,2024-12-31,12,559688,559688,46640.67,18.0,85376.0,Steady Growth
ARR-00047,INST-012,"CrossCountry Mortgage, LLC",Non-bank Lender,Professional,OH,2025,FY 2025,Full Year,2025-01-01,2025-12-31,12,643641,643641,53636.75,15.0,83953.0,Steady Growth
ARR-00048,INST-012,"CrossCountry Mortgage, LLC",Non-bank Lender,Professional,OH,2026,FY 2026 YTD,YTD,2026-01-01,2026-06-23,6,376530,753060,62755.0,17.0,54710.0,Steady Growth
ARR-00049,INST-013,New American Funding,Non-bank Lender,Professional,CA,2023,FY 2023,Full Year,2023-01-01,2023-12-31,12,542071,542071,45172.58,,,Steady Growth
ARR-00050,INST-013,New American Funding,Non-bank Lender,Professional,CA,2024,FY 2024,Full Year,2024-01-01,2024-12-31,12,645064,645064,53755.33,19.0,102993.0,Steady Growth
ARR-00051,INST-013,New American Funding,Non-bank Lender,Professional,CA,2025,FY 2025,Full Year,2025-01-01,2025-12-31,12,786978,786978,65581.5,22.0,141914.0,Steady Growth
ARR-00052,INST-013,New American Funding,Non-bank Lender,Professional,CA,2026,FY 2026 YTD,YTD,2026-01-01,2026-06-23,6,464317,928634,77386.17,18.0,70828.0,Steady Growth
ARR-00053,INST-014,UWM Holdings Corp.,Non-bank Lender,Enterprise,MI,2023,FY 2023,Full Year,2023-01-01,2023-12-31,12,1425976,1425976,118831.33,,,High Growth
ARR-00054,INST-014,UWM Holdings Corp.,Non-bank Lender,Enterprise,MI,2024,FY 2024,Full Year,2024-01-01,2024-12-31,12,1839509,1839509,153292.42,29.0,413533.0,High Growth
ARR-00055,INST-014,UWM Holdings Corp.,Non-bank Lender,Enterprise,MI,2025,FY 2025,Full Year,2025-01-01,2025-12-31,12,2317781,2317781,193148.42,26.0,478272.0,High Growth
ARR-00056,INST-014,UWM Holdings Corp.,Non-bank Lender,Enterprise,MI,2026,FY 2026 YTD,YTD,2026-01-01,2026-06-23,6,1437024,2874048,239504.0,24.0,278134.0,High Growth
ARR-00057,INST-015,Mr. Cooper Group Inc.,Non-bank Lender,Professional,TX,2023,FY 2023,Full Year,2023-01-01,2023-12-31,12,570304,570304,47525.33,,,Steady Growth
ARR-00058,INST-015,Mr. Cooper Group Inc.,Non-bank Lender,Professional,TX,2024,FY 2024,Full Year,2024-01-01,2024-12-31,12,661553,661553,55129.42,16.0,91249.0,Steady Growth
ARR-00059,INST-015,Mr. Cooper Group Inc.,Non-bank Lender,Professional,TX,2025,FY 2025,Full Year,2025-01-01,2025-12-31,12,780633,780633,65052.75,18.0,119080.0,Steady Growth
ARR-00060,INST-015,Mr. Cooper Group Inc.,Non-bank Lender,Professional,TX,2026,FY 2026 YTD,YTD,2026-01-01,2026-06-23,6,448864,897728,74810.67,15.0,58548.0,Steady Growth
ARR-00061,INST-016,Freedom Mortgage Corporation,Non-bank Lender,Professional,FL,2023,FY 2023,Full Year,2023-01-01,2023-12-31,12,530778,530778,44231.5,,,Moderate Growth
ARR-00062,INST-016,Freedom Mortgage Corporation,Non-bank Lender,Professional,FL,2024,FY 2024,Full Year,2024-01-01,2024-12-31,12,605087,605087,50423.92,14.0,74309.0,Moderate Growth
ARR-00063,INST-016,Freedom Mortgage Corporation,Non-bank Lender,Professional,FL,2025,FY 2025,Full Year,2025-01-01,2025-12-31,12,707952,707952,58996.0,17.0,102865.0,Moderate Growth
ARR-00064,INST-016,Freedom Mortgage Corporation,Non-bank Lender,Professional,FL,2026,FY 2026 YTD,YTD,2026-01-01,2026-06-23,6,399993,799986,66665.5,13.0,46017.0,Moderate Growth
ARR-00065,INST-017,"Guaranteed Rate, Inc.",Non-bank Lender,Professional,IL,2023,FY 2023,Full Year,2023-01-01,2023-12-31,12,491252,491252,40937.67,,,Steady Growth
ARR-00066,INST-017,"Guaranteed Rate, Inc.",Non-bank Lender,Professional,IL,2024,FY 2024,Full Year,2024-01-01,2024-12-31,12,564940,564940,47078.33,15.0,73688.0,Steady Growth
ARR-00067,INST-017,"Guaranteed Rate, Inc.",Non-bank Lender,Professional,IL,2025,FY 2025,Full Year,2025-01-01,2025-12-31,12,644032,644032,53669.33,14.0,79092.0,Steady Growth
ARR-00068,INST-017,"Guaranteed Rate, Inc.",Non-bank Lender,Professional,IL,2026,FY 2026 YTD,YTD,2026-01-01,2026-06-23,6,373538,747076,62256.33,16.0,51522.0,Steady Growth
ARR-00069,INST-018,"Plaza Home Mortgage, Inc.",Non-bank Lender,Starter,CA,2023,FY 2023,Full Year,2023-01-01,2023-12-31,12,200670,200670,16722.5,,,Moderate Growth
ARR-00070,INST-018,"Plaza Home Mortgage, Inc.",Non-bank Lender,Starter,CA,2024,FY 2024,Full Year,2024-01-01,2024-12-31,12,220737,220737,18394.75,10.0,20067.0,Moderate Growth
ARR-00071,INST-018,"Plaza Home Mortgage, Inc.",Non-bank Lender,Starter,CA,2025,FY 2025,Full Year,2025-01-01,2025-12-31,12,240603,240603,20050.25,9.0,19866.0,Moderate Growth
ARR-00072,INST-018,"Plaza Home Mortgage, Inc.",Non-bank Lender,Starter,CA,2026,FY 2026 YTD,YTD,2026-01-01,2026-06-23,6,133534,267068,22255.67,11.0,13232.0,Moderate Growth
ARR-00073,INST-019,CMG Financial,Non-bank Lender,Starter,CA,2023,FY 2023,Full Year,2023-01-01,2023-12-31,12,194589,194589,16215.75,,,Moderate Growth
ARR-00074,INST-019,CMG Financial,Non-bank Lender,Starter,CA,2024,FY 2024,Full Year,2024-01-01,2024-12-31,12,215994,215994,17999.5,11.0,21405.0,Moderate Growth
ARR-00075,INST-019,CMG Financial,Non-bank Lender,Starter,CA,2025,FY 2025,Full Year,2025-01-01,2025-12-31,12,233274,233274,19439.5,8.0,17280.0,Moderate Growth
ARR-00076,INST-019,CMG Financial,Non-bank Lender,Starter,CA,2026,FY 2026 YTD,YTD,2026-01-01,2026-06-23,6,128300,256600,21383.33,10.0,11663.0,Moderate Growth
ARR-00077,INST-020,Home Point Capital LLC,Non-bank Lender,Starter,MI,2023,FY 2023,Full Year,2023-01-01,2023-12-31,12,170266,170266,14188.83,,,Low Growth
ARR-00078,INST-020,Home Point Capital LLC,Non-bank Lender,Starter,MI,2024,FY 2024,Full Year,2024-01-01,2024-12-31,12,185590,185590,15465.83,9.0,15324.0,Low Growth
ARR-00079,INST-020,Home Point Capital LLC,Non-bank Lender,Starter,MI,2025,FY 2025,Full Year,2025-01-01,2025-12-31,12,200437,200437,16703.08,8.0,14847.0,Low Growth
ARR-00080,INST-020,Home Point Capital LLC,Non-bank Lender,Starter,MI,2026,FY 2026 YTD,YTD,2026-01-01,2026-06-23,6,107234,214468,17872.33,7.0,7016.0,Low Growth
ARR-00081,INST-021,Pacific Premier Bank,Commercial Bank,Professional,CA,2023,FY 2023,Full Year,2023-01-01,2023-12-31,12,423493,423493,35291.08,,,Steady Growth
ARR-00082,INST-021,Pacific Premier Bank,Commercial Bank,Professional,CA,2024,FY 2024,Full Year,2024-01-01,2024-12-31,12,491252,491252,40937.67,16.0,67759.0,Steady Growth
ARR-00083,INST-021,Pacific Premier Bank,Commercial Bank,Professional,CA,2025,FY 2025,Full Year,2025-01-01,2025-12-31,12,579677,579677,48306.42,18.0,88425.0,Steady Growth
ARR-00084,INST-021,Pacific Premier Bank,Commercial Bank,Professional,CA,2026,FY 2026 YTD,YTD,2026-01-01,2026-06-23,6,330416,660832,55069.33,14.0,40578.0,Steady Growth
ARR-00085,INST-022,Arvest Bank,Commercial Bank,Starter,AR,2023,FY 2023,Full Year,2023-01-01,2023-12-31,12,148983,148983,12415.25,,,Low Growth
ARR-00086,INST-022,Arvest Bank,Commercial Bank,Starter,AR,2024,FY 2024,Full Year,2024-01-01,2024-12-31,12,163881,163881,13656.75,10.0,14898.0,Low Growth
ARR-00087,INST-022,Arvest Bank,Commercial Bank,Starter,AR,2025,FY 2025,Full Year,2025-01-01,2025-12-31,12,178630,178630,14885.83,9.0,14749.0,Low Growth
ARR-00088,INST-022,Arvest Bank,Commercial Bank,Starter,AR,2026,FY 2026 YTD,YTD,2026-01-01,2026-06-23,6,96460,192920,16076.67,8.0,7145.0,Low Growth
ARR-00089,INST-023,"Glacier Bancorp, Inc.",Commercial Bank,Starter,MT,2023,FY 2023,Full Year,2023-01-01,2023-12-31,12,135301,135301,11275.08,,,Low Growth
ARR-00090,INST-023,"Glacier Bancorp, Inc.",Commercial Bank,Starter,MT,2024,FY 2024,Full Year,2024-01-01,2024-12-31,12,147478,147478,12289.83,9.0,12177.0,Low Growth
ARR-00091,INST-023,"Glacier Bancorp, Inc.",Commercial Bank,Starter,MT,2025,FY 2025,Full Year,2025-01-01,2025-12-31,12,159276,159276,13273.0,8.0,11798.0,Low Growth
ARR-00092,INST-023,"Glacier Bancorp, Inc.",Commercial Bank,Starter,MT,2026,FY 2026 YTD,YTD,2026-01-01,2026-06-23,6,85212,170424,14202.0,7.0,5574.0,Low Growth
ARR-00093,INST-024,TierOne Bank,Commercial Bank,Starter,NE,2023,FY 2023,Full Year,2023-01-01,2023-12-31,12,224994,224994,18749.5,,,Low Growth
ARR-00094,INST-024,TierOne Bank,Commercial Bank,Starter,NE,2024,FY 2024,Full Year,2024-01-01,2024-12-31,12,242994,242994,20249.5,8.0,18000.0,Low Growth
ARR-00095,INST-024,TierOne Bank,Commercial Bank,Starter,NE,2025,FY 2025,Full Year,2025-01-01,2025-12-31,12,260004,260004,21667.0,7.0,17010.0,Low Growth
ARR-00096,INST-024,TierOne Bank,Commercial Bank,Starter,NE,2026,FY 2026 YTD,YTD,2026-01-01,2026-06-23,6,140402,280804,23400.33,8.0,10400.0,Low Growth
ARR-00097,INST-025,Heartland BancCorp,Commercial Bank,Starter,IA,2023,FY 2023,Full Year,2023-01-01,2023-12-31,12,190029,190029,15835.75,,,Low Growth
ARR-00098,INST-025,Heartland BancCorp,Commercial Bank,Starter,IA,2024,FY 2024,Full Year,2024-01-01,2024-12-31,12,205231,205231,17102.58,8.0,15202.0,Low Growth
ARR-00099,INST-025,Heartland BancCorp,Commercial Bank,Starter,IA,2025,FY 2025,Full Year,2025-01-01,2025-12-31,12,223702,223702,18641.83,9.0,18471.0,Low Growth
ARR-00100,INST-025,Heartland BancCorp,Commercial Bank,Starter,IA,2026,FY 2026 YTD,YTD,2026-01-01,2026-06-23,6,119680,239360,19946.67,7.0,7829.0,Low Growth
